customer_state,orders,late_orders,reviewed_orders,mean_review,late_rate_pct
AC,80,3,80,4.0875,3.75
AL,397,85,394,3.8527918781725887,21.41057934508816
AM,145,4,144,4.243055555555555,2.7586206896551726
AP,67,2,66,4.242424242424242,2.9850746268656714
BA,3256,396,3229,3.930009290802106,12.162162162162163
CE,1279,176,1273,3.941869599371563,13.76075058639562
DF,2080,118,2070,4.133816425120773,5.673076923076923
ES,1995,214,1969,4.079735906551549,10.726817042606516
GO,1957,128,1946,4.10431654676259,6.540623403168115
MA,717,125,712,3.833567415730337,17.433751743375176
MG,11354,519,11285,4.19246787771378,4.571076272679233
MS,701,68,699,4.160228898426324,9.700427960057063
MT,886,53,879,4.146188850967008,5.981941309255079
PA,946,106,933,3.909967845659164,11.20507399577167
PB,517,54,512,4.076171875,10.444874274661508
PE,1593,153,1579,4.082963901203294,9.6045197740113
PI,476,66,471,3.9936305732484074,13.865546218487395
PR,4923,199,4900,4.239591836734694,4.042250660166565
RJ,12350,1495,12211,3.965140720115743,12.105263157894736
RN,474,44,471,4.149681528662421,9.282700421940929
RO,243,7,242,4.1652892561983474,2.880658436213992
RR,41,5,41,3.902439024390244,12.195121951219512
RS,5344,325,5326,4.185598948554262,6.081586826347305
SC,3546,291,3519,4.133276499005399,8.206429780033842
SE,335,51,334,3.907185628742515,15.223880597014924
SP,40494,1820,40266,4.246518982102353,4.494493011310317
TO,274,27,273,4.153846153846154,9.854014598540147
